,,cycle,cycle,cycle,cycle,cycle,cycle,cycle,cycle,dt_bet,dt_bet,dt_bet,dt_bet,dt_bet,dt_bet,dt_bet,dt_bet
,,count,mean,std,min,25%,50%,75%,max,count,mean,std,min,25%,50%,75%,max
asset,zone,,,,,,,,,,,,,,,,
M1,A,400.0,200.5,115.61430130683084,1.0,100.75,200.5,300.25,400.0,400,0 days 00:13:11.422500,0 days 00:04:09.518029,0 days 00:04:37,0 days 00:09:49.750000,0 days 00:13:03,0 days 00:16:04.750000,0 days 00:26:25
M1,AE1,270.0,205.90740740740742,114.32232338972008,1.0,109.25,211.5,305.75,398.0,270,0 days 00:06:15.188888,0 days 00:02:53.140029,0 days 00:00:40,0 days 00:04:11.500000,0 days 00:06:04.500000,0 days 00:07:57.500000,0 days 00:15:35
M1,AE2,290.0,198.7,114.64702713306536,1.0,103.25,197.0,302.75,399.0,290,0 days 00:05:54.627586,0 days 00:02:26.366698,0 days 00:00:38,0 days 00:04:08.500000,0 days 00:05:47.500000,0 days 00:07:20.250000,0 days 00:14:11
M1,AW1,176.0,204.88636363636363,114.42346730513754,2.0,103.75,208.0,295.25,400.0,176,0 days 00:05:05.778409,0 days 00:02:36.170499,0 days 00:00:18,0 days 00:02:51.750000,0 days 00:05:07.500000,0 days 00:06:47.500000,0 days 00:11:58
M1,AW2,187.0,195.9090909090909,116.15667613845832,3.0,97.5,194.0,294.5,398.0,187,0 days 00:05:13.417112,0 days 00:02:27.961261,0 days 00:00:33,0 days 00:03:21.500000,0 days 00:05:09,0 days 00:06:53.500000,0 days 00:11:35
M1,B,400.0,200.5,115.61430130683084,1.0,100.75,200.5,300.25,400.0,400,0 days 00:13:17.657500,0 days 00:04:07.333884,0 days 00:04:39,0 days 00:10:17.750000,0 days 00:12:47.500000,0 days 00:15:48,0 days 00:27:35
M1,BE1,169.0,200.50295857988166,117.08092054421344,4.0,92.0,205.0,303.0,400.0,169,0 days 00:05:20.952662,0 days 00:02:42.978592,0 days 00:00:12,0 days 00:03:04,0 days 00:05:18,0 days 00:07:14,0 days 00:11:44
M1,BE2,184.0,204.44565217391303,114.83362772940619,2.0,113.5,211.0,297.5,397.0,184,0 days 00:05:07.391304,0 days 00:02:29.016664,0 days 00:00:13,0 days 00:03:21,0 days 00:05:12,0 days 00:07:03.250000,0 days 00:10:47
M1,BW1,287.0,196.79094076655053,112.71555040125881,1.0,104.5,194.0,292.0,399.0,287,0 days 00:05:56.442508,0 days 00:02:39.876053,0 days 00:00:34,0 days 00:03:53,0 days 00:05:33,0 days 00:07:40.500000,0 days 00:13:06
M1,BW2,177.0,203.3954802259887,117.14376162880582,6.0,103.0,199.0,305.0,400.0,177,0 days 00:05:15.711864,0 days 00:02:35.371298,0 days 00:00:40,0 days 00:03:18,0 days 00:05:11,0 days 00:07:02,0 days 00:11:49
M1,F,400.0,200.5,115.61430130683084,1.0,100.75,200.5,300.25,400.0,400,0 days 00:35:57.035000,0 days 00:07:40.322523,0 days 00:19:55,0 days 00:29:44.500000,0 days 00:35:26.500000,0 days 00:42:00.500000,0 days 00:54:01
M1,I,331.0,196.11480362537765,115.11303585004103,1.0,100.5,192.0,294.5,400.0,331,0 days 00:05:55.649546,0 days 00:02:28.094312,0 days 00:00:44,0 days 00:04:11.500000,0 days 00:05:51,0 days 00:07:23,0 days 00:14:27
M1,O,297.0,201.58922558922558,115.09282219737999,1.0,104.0,206.0,298.0,400.0,297,0 days 00:06:08.558922,0 days 00:02:31.064770,0 days 00:01:10,0 days 00:04:11,0 days 00:06:02,0 days 00:07:57,0 days 00:13:10
M10,A,400.0,200.5,115.61430130683084,1.0,100.75,200.5,300.25,400.0,400,0 days 00:13:33.707500,0 days 00:04:19.455583,0 days 00:04:24,0 days 00:10:20.250000,0 days 00:12:52,0 days 00:16:13.500000,0 days 00:28:21
M10,AE1,285.0,206.33333333333334,115.56144840217048,1.0,105.0,210.0,307.0,399.0,285,0 days 00:06:08.642105,0 days 00:02:33.676121,0 days 00:00:40,0 days 00:04:17,0 days 00:06:01,0 days 00:08:02,0 days 00:13:45
M10,AE2,312.0,201.375,115.67366122121986,1.0,102.75,202.5,299.5,400.0,312,0 days 00:05:55.205128,0 days 00:02:33.608941,0 days 00:00:20,0 days 00:04:16.500000,0 days 00:05:46.500000,0 days 00:07:26.500000,0 days 00:14:34
M10,AW1,163.0,189.72392638036808,114.49628212970674,3.0,90.5,181.0,284.5,399.0,163,0 days 00:05:03.006134,0 days 00:02:35.703798,0 days 00:00:42,0 days 00:02:53,0 days 00:04:35,0 days 00:06:48.500000,0 days 00:11:12
M10,AW2,178.0,193.96629213483146,117.03391265128174,1.0,92.25,194.0,294.25,397.0,178,0 days 00:05:38.235955,0 days 00:02:38.537704,0 days 00:01:02,0 days 00:03:30.250000,0 days 00:05:29.500000,0 days 00:07:21.750000,0 days 00:12:53
M10,B,400.0,200.5,115.61430130683084,1.0,100.75,200.5,300.25,400.0,400,0 days 00:13:21.642500,0 days 00:04:01.745210,0 days 00:04:27,0 days 00:10:22.250000,0 days 00:12:53,0 days 00:15:58.250000,0 days 00:27:06
M10,BE1,158.0,196.95569620253164,115.39377859885313,3.0,106.25,179.0,300.25,400.0,158,0 days 00:05:11.278481,0 days 00:02:27.745084,0 days 00:01:06,0 days 00:03:14.500000,0 days 00:04:54,0 days 00:07:01,0 days 00:12:43
M10,BE2,162.0,201.61111111111111,118.23196749037866,2.0,90.75,201.5,306.5,400.0,162,0 days 00:05:12.518518,0 days 00:02:31.547799,0 days 00:00:16,0 days 00:03:12,0 days 00:05:01.500000,0 days 00:06:46.500000,0 days 00:10:59
M10,BW1,313.0,209.14376996805112,114.32926653759236,1.0,112.0,213.0,307.0,399.0,313,0 days 00:05:58.654952,0 days 00:02:31.211313,0 days 00:00:28,0 days 00:04:10,0 days 00:05:57,0 days 00:07:37,0 days 00:14:24
M10,BW2,192.0,200.09895833333334,113.55883037890281,8.0,105.75,190.0,298.5,399.0,192,0 days 00:04:59.270833,0 days 00:02:37.797635,0 days 00:00:21,0 days 00:02:55.500000,0 days 00:04:42,0 days 00:06:41.500000,0 days 00:10:50
M10,F,400.0,200.5,115.61430130683084,1.0,100.75,200.5,300.25,400.0,400,0 days 00:36:16.355000,0 days 00:07:41.569094,0 days 00:20:06,0 days 00:29:37.750000,0 days 00:35:26,0 days 00:42:07.750000,0 days 00:57:24
M10,I,331.0,202.06042296072508,114.14646082914952,3.0,105.0,208.0,298.5,400.0,331,0 days 00:05:42.120845,0 days 00:02:43.599540,0 days 00:00:07,0 days 00:03:46,0 days 00:05:30,0 days 00:07:18,0 days 00:14:34
M10,O,307.0,198.84364820846906,115.74256558112351,1.0,100.5,201.0,297.5,400.0,307,0 days 00:06:02.084690,0 days 00:02:40.377065,0 days 00:00:15,0 days 00:04:04.500000,0 days 00:05:46,0 days 00:07:39.500000,0 days 00:12:58
M11,A,400.0,200.5,115.61430130683084,1.0,100.75,200.5,300.25,400.0,400,0 days 00:13:23.935000,0 days 00:03:56.345804,0 days 00:04:09,0 days 00:10:23,0 days 00:13:11,0 days 00:16:11,0 days 00:24:48
M11,AE1,294.0,199.37755102040816,117.05882380890681,1.0,94.5,199.5,302.75,400.0,294,0 days 00:06:16.438775,0 days 00:02:36.053290,0 days 00:00:42,0 days 00:04:21.250000,0 days 00:06:02.500000,0 days 00:08:09,0 days 00:12:56
M11,AE2,291.0,201.71134020618555,117.16742739929929,1.0,102.5,199.0,306.5,400.0,291,0 days 00:06:04.154639,0 days 00:02:30.867949,0 days 00:00:31,0 days 00:04:14,0 days 00:05:56,0 days 00:07:45,0 days 00:12:36
M11,AW1,165.0,213.0909090909091,115.00990509738705,4.0,119.0,214.0,308.0,400.0,165,0 days 00:05:17.903030,0 days 00:02:38.045540,0 days 00:00:19,0 days 00:03:17,0 days 00:04:55,0 days 00:07:09,0 days 00:11:20
M11,AW2,178.0,197.32022471910113,111.56252198571718,5.0,99.25,193.5,289.75,399.0,178,0 days 00:04:54.820224,0 days 00:02:29.646858,0 days 00:00:46,0 days 00:02:57.500000,0 days 00:04:24.500000,0 days 00:06:44.750000,0 days 00:10:53
M11,B,400.0,200.5,115.61430130683084,1.0,100.75,200.5,300.25,400.0,400,0 days 00:13:54.277500,0 days 00:04:13.563229,0 days 00:04:48,0 days 00:10:46,0 days 00:13:46.500000,0 days 00:16:36.250000,0 days 00:26:59
M11,BE1,189.0,199.86243386243387,120.04149156979067,1.0,89.0,209.0,306.0,400.0,189,0 days 00:05:23.121693,0 days 00:02:53.746180,0 days 00:00:14,0 days 00:03:08,0 days 00:04:56,0 days 00:07:29,0 days 00:12:12
M11,BE2,166.0,193.62048192771084,112.88302044692499,2.0,100.5,192.5,287.5,399.0,166,0 days 00:05:25.795180,0 days 00:02:35.868068,0 days 00:00:30,0 days 00:03:30.500000,0 days 00:05:18.500000,0 days 00:07:23.250000,0 days 00:11:45
M11,BW1,305.0,203.17704918032786,116.15017558022308,1.0,102.0,204.0,304.0,399.0,305,0 days 00:05:53.311475,0 days 00:02:36.441760,0 days 00:00:33,0 days 00:04:02,0 days 00:05:33,0 days 00:07:31,0 days 00:14:28
M11,BW2,159.0,197.19496855345912,116.51736861822016,3.0,89.5,199.0,295.0,393.0,159,0 days 00:05:40.597484,0 days 00:02:47.040892,0 days 00:00:55,0 days 00:03:35,0 days 00:05:28,0 days 00:07:51,0 days 00:11:42
M11,F,400.0,200.5,115.61430130683084,1.0,100.75,200.5,300.25,400.0,400,0 days 00:36:52.497500,0 days 00:07:41.612939,0 days 00:20:50,0 days 00:30:09.750000,0 days 00:37:17.500000,0 days 00:43:02.750000,0 days 00:54:50
M11,I,341.0,198.3108504398827,113.71627554179813,1.0,103.0,196.0,294.0,400.0,341,0 days 00:05:48.788856,0 days 00:02:45.551172,0 days 00:00:29,0 days 00:03:56,0 days 00:05:33,0 days 00:07:38,0 days 00:15:33
M11,O,295.0,200.86101694915254,116.30082535628942,1.0,101.5,202.0,303.5,400.0,295,0 days 00:06:15.515254,0 days 00:02:31.215097,0 days 00:01:06,0 days 00:04:24,0 days 00:05:56,0 days 00:07:55.500000,0 days 00:13:57
M12,A,400.0,200.5,115.61430130683084,1.0,100.75,200.5,300.25,400.0,400,0 days 00:13:20.337500,0 days 00:04:06.855631,0 days 00:04:54,0 days 00:10:14,0 days 00:13:09,0 days 00:15:56.250000,0 days 00:26:20
M12,AE1,275.0,195.68727272727273,113.29747527248249,2.0,100.5,194.0,289.5,400.0,275,0 days 00:05:55.960000,0 days 00:02:39.335396,0 days 00:00:30,0 days 00:03:47,0 days 00:05:59,0 days 00:07:42,0 days 00:14:42
M12,AE2,298.0,203.8221476510067,117.9915190387387,2.0,98.25,204.5,308.5,400.0,298,0 days 00:06:07.281879,0 days 00:02:30.362730,0 days 00:01:04,0 days 00:04:21,0 days 00:05:54.500000,0 days 00:07:43.250000,0 days 00:14:07
M12,AW1,190.0,205.97368421052633,117.54982886749796,1.0,98.25,212.5,308.75,399.0,190,0 days 00:04:51.089473,0 days 00:02:27.370918,0 days 00:00:06,0 days 00:02:46.250000,0 days 00:04:50,0 days 00:06:32,0 days 00:10:35
M12,AW2,183.0,205.11475409836066,114.52987014201533,1.0,104.5,213.0,295.5,398.0,183,0 days 00:05:14.147540,0 days 00:02:33.423621,0 days 00:00:33,0 days 00:03:10.500000,0 days 00:05:01,0 days 00:07:07,0 days 00:11:15
M12,B,400.0,200.5,115.61430130683084,1.0,100.75,200.5,300.25,400.0,400,0 days 00:13:30.575000,0 days 00:04:13.120028,0 days 00:04:04,0 days 00:10:29,0 days 00:12:57,0 days 00:16:24.250000,0 days 00:25:20
M12,BE1,173.0,192.4450867052023,116.84552335225929,2.0,87.0,198.0,296.0,398.0,173,0 days 00:05:08.485549,0 days 00:02:38.743159,0 days 00:00:18,0 days 00:03:08,0 days 00:04:58,0 days 00:07:02,0 days 00:10:53
M12,BE2,161.0,194.2608695652174,114.40440997504918,6.0,97.0,190.0,293.0,394.0,161,0 days 00:05:26.186335,0 days 00:02:25.595037,0 days 00:01:03,0 days 00:03:38,0 days 00:05:18,0 days 00:07:07,0 days 00:11:03
M12,BW1,300.0,203.72333333333333,116.93136134691883,1.0,100.75,201.5,306.25,400.0,300,0 days 00:06:10.530000,0 days 00:02:35.250652,0 days 00:00:46,0 days 00:04:22.250000,0 days 00:06:01.500000,0 days 00:07:51,0 days 00:14:35
M12,BW2,176.0,189.5568181818182,116.9668434537432,1.0,91.0,174.5,292.75,398.0,176,0 days 00:05:04.778409,0 days 00:02:37.373266,0 days 00:00:25,0 days 00:03:03.750000,0 days 00:04:35.500000,0 days 00:07:01.250000,0 days 00:12:21
M12,F,400.0,200.5,115.61430130683084,1.0,100.75,200.5,300.25,400.0,400,0 days 00:36:14.927500,0 days 00:07:35.995435,0 days 00:21:30,0 days 00:29:42.750000,0 days 00:35:47.500000,0 days 00:42:25.500000,0 days 00:57:33
M12,I,325.0,202.24923076923076,116.15340553868235,1.0,102.0,204.0,302.0,400.0,325,0 days 00:06:00.956923,0 days 00:02:32.013679,0 days 00:00:35,0 days 00:04:18,0 days 00:05:57,0 days 00:07:27,0 days 00:14:51
M12,O,306.0,205.66339869281046,113.66220200290294,2.0,110.25,205.5,303.25,400.0,306,0 days 00:05:53.905228,0 days 00:02:28.971889,0 days 00:00:31,0 days 00:04:02.250000,0 days 00:05:39,0 days 00:07:37.250000,0 days 00:12:58
M13,A,400.0,200.5,115.61430130683084,1.0,100.75,200.5,300.25,400.0,400,0 days 00:13:29.037500,0 days 00:04:00.427910,0 days 00:04:35,0 days 00:10:33.750000,0 days 00:13:15,0 days 00:15:52.500000,0 days 00:26:40
M13,AE1,294.0,201.3095238095238,118.82494700968472,1.0,96.75,197.0,309.75,400.0,294,0 days 00:05:40.289115,0 days 00:02:38.250917,0 days 00:00:39,0 days 00:03:50.250000,0 days 00:05:21.500000,0 days 00:07:29.750000,0 days 00:14:53
M13,AE2,282.0,205.2127659574468,115.94840603199943,1.0,97.25,211.5,307.75,398.0,282,0 days 00:06:12.719858,0 days 00:02:34.981859,0 days 00:00:45,0 days 00:04:21.250000,0 days 00:06:09,0 days 00:07:52.500000,0 days 00:13:02
M13,AW1,189.0,194.57142857142858,117.57669035783204,3.0,91.0,188.0,289.0,400.0,189,0 days 00:05:17.592592,0 days 00:02:31.466898,0 days 00:00:28,0 days 00:03:27,0 days 00:05:20,0 days 00:06:58,0 days 00:11:24
M13,AW2,186.0,204.18279569892474,113.49308313121249,2.0,113.25,201.5,291.75,400.0,186,0 days 00:05:14.182795,0 days 00:02:29.390107,0 days 00:00:22,0 days 00:03:23,0 days 00:05:00,0 days 00:06:34,0 days 00:11:52
M13,B,400.0,200.5,115.61430130683084,1.0,100.75,200.5,300.25,400.0,400,0 days 00:13:13.205000,0 days 00:04:00.291370,0 days 00:04:23,0 days 00:10:19,0 days 00:13:07,0 days 00:15:45.250000,0 days 00:28:59
M13,BE1,159.0,193.0314465408805,113.8723703379151,3.0,90.0,189.0,283.5,397.0,159,0 days 00:05:09.188679,0 days 00:02:37.888807,0 days 00:00:13,0 days 00:03:00.500000,0 days 00:05:06,0 days 00:07:03,0 days 00:11:37
M13,BE2,169.0,198.20710059171597,116.5176195412831,3.0,98.0,200.0,298.0,396.0,169,0 days 00:04:55.692307,0 days 00:02:27.728878,0 days 00:00:08,0 days 00:02:49,0 days 00:04:45,0 days 00:06:44,0 days 00:10:34
M13,BW1,305.0,202.0032786885246,116.26338345033705,1.0,99.0,205.0,306.0,400.0,305,0 days 00:06:12.911475,0 days 00:02:27.953657,0 days 00:00:48,0 days 00:04:36,0 days 00:06:01,0 days 00:07:50,0 days 00:15:19
M13,BW2,159.0,208.8930817610063,122.01030207566303,2.0,92.5,224.0,318.5,395.0,159,0 days 00:05:09.069182,0 days 00:02:26.140132,0 days 00:00:18,0 days 00:03:13.500000,0 days 00:05:06,0 days 00:06:47,0 days 00:11:48
M13,F,400.0,200.5,115.61430130683084,1.0,100.75,200.5,300.25,400.0,400,0 days 00:35:57.760000,0 days 00:07:27.482389,0 days 00:20:22,0 days 00:30:10.500000,0 days 00:35:40.500000,0 days 00:41:39.250000,0 days 00:57:55
M13,I,307.0,199.09771986970685,114.48470897703002,1.0,102.5,199.0,292.5,400.0,307,0 days 00:05:58.641693,0 days 00:02:22.036847,0 days 00:00:07,0 days 00:04:24.500000,0 days 00:05:53,0 days 00:07:40.500000,0 days 00:12:51
M13,O,313.0,199.61980830670927,113.37530930594873,1.0,104.0,197.0,292.0,400.0,313,0 days 00:05:58.159744,0 days 00:02:33.219509,0 days 00:00:29,0 days 00:04:05,0 days 00:05:46,0 days 00:07:47,0 days 00:13:31
M14,A,400.0,200.5,115.61430130683084,1.0,100.75,200.5,300.25,400.0,400,0 days 00:13:10.012500,0 days 00:04:04.736464,0 days 00:03:29,0 days 00:10:14.750000,0 days 00:12:43.500000,0 days 00:15:49,0 days 00:25:18
M14,AE1,287.0,205.41463414634146,114.39887980735158,1.0,110.5,210.0,302.0,400.0,287,0 days 00:05:48.491289,0 days 00:02:45.735632,0 days 00:00:27,0 days 00:03:42.500000,0 days 00:05:28,0 days 00:07:59,0 days 00:17:33
M14,AE2,309.0,201.93851132686083,115.3023387609752,1.0,104.0,203.0,301.0,400.0,309,0 days 00:05:50.355987,0 days 00:02:35.528350,0 days 00:00:17,0 days 00:03:52,0 days 00:05:46,0 days 00:07:21,0 days 00:16:44
M14,AW1,179.0,194.81564245810057,117.51593045728835,2.0,90.0,188.0,297.0,399.0,179,0 days 00:04:49.424581,0 days 00:02:26.070241,0 days 00:00:19,0 days 00:03:01.500000,0 days 00:04:34,0 days 00:06:22.500000,0 days 00:10:54
M14,AW2,179.0,197.05027932960894,117.78953205731437,1.0,93.5,195.0,301.5,400.0,179,0 days 00:05:12.407821,0 days 00:02:43.269702,0 days 00:00:04,0 days 00:03:01,0 days 00:04:51,0 days 00:07:09.500000,0 days 00:12:30
M14,B,400.0,200.5,115.61430130683084,1.0,100.75,200.5,300.25,400.0,400,0 days 00:13:14.162500,0 days 00:04:15.216122,0 days 00:05:16,0 days 00:09:55.750000,0 days 00:13:08.500000,0 days 00:16:12,0 days 00:27:05
M14,BE1,169.0,200.6153846153846,111.98883872958055,2.0,110.0,193.0,295.0,400.0,169,0 days 00:04:56.579881,0 days 00:02:40.189530,0 days 00:00:26,0 days 00:02:53,0 days 00:04:27,0 days 00:06:53,0 days 00:13:16
M14,BE2,170.0,199.73529411764707,115.39638627742775,2.0,98.25,209.0,297.5,400.0,170,0 days 00:05:09.776470,0 days 00:02:28.823780,0 days 00:00:18,0 days 00:03:16.750000,0 days 00:04:58,0 days 00:06:54.500000,0 days 00:11:56
M14,BW1,306.0,201.2450980392157,116.14708901805247,1.0,98.25,202.5,301.5,399.0,306,0 days 00:05:51.781045,0 days 00:02:39.423596,0 days 00:00:35,0 days 00:04:01.250000,0 days 00:05:45.500000,0 days 00:07:23,0 days 00:15:22
M14,BW2,192.0,199.390625,117.12712257878782,2.0,103.75,194.5,300.5,399.0,192,0 days 00:05:16.036458,0 days 00:02:38.841630,0 days 00:00:37,0 days 00:03:21.750000,0 days 00:05:09.500000,0 days 00:06:51.750000,0 days 00:11:47
M14,F,400.0,200.5,115.61430130683084,1.0,100.75,200.5,300.25,400.0,400,0 days 00:35:28.865000,0 days 00:07:44.970672,0 days 00:20:16,0 days 00:28:37.750000,0 days 00:35:06,0 days 00:41:44,0 days 00:55:27
M14,I,321.0,190.78504672897196,114.54636299639084,1.0,92.0,188.0,285.0,399.0,321,0 days 00:05:50.074766,0 days 00:02:35.279246,0 days 00:00:15,0 days 00:03:54,0 days 00:05:34,0 days 00:07:28,0 days 00:12:25
M14,O,297.0,198.93602693602693,117.61331201820296,1.0,95.0,198.0,306.0,400.0,297,0 days 00:05:55.225589,0 days 00:02:33.082051,0 days 00:00:22,0 days 00:04:14,0 days 00:05:41,0 days 00:07:33,0 days 00:15:10
M15,A,400.0,200.5,115.61430130683084,1.0,100.75,200.5,300.25,400.0,400,0 days 00:13:14.007500,0 days 00:04:04.940251,0 days 00:04:48,0 days 00:10:11.750000,0 days 00:12:46,0 days 00:15:39.250000,0 days 00:25:01
M15,AE1,285.0,200.9543859649123,113.29095048294624,1.0,103.0,200.0,295.0,399.0,285,0 days 00:06:07.505263,0 days 00:02:40.768655,0 days 00:00:45,0 days 00:04:03,0 days 00:05:38,0 days 00:08:03,0 days 00:14:08
M15,AE2,311.0,198.58520900321543,115.21267140157994,1.0,100.5,203.0,298.5,397.0,311,0 days 00:05:57.540192,0 days 00:02:38.048188,0 days 00:00:19,0 days 00:04:08.500000,0 days 00:05:48,0 days 00:07:36,0 days 00:13:30
M15,AW1,174.0,199.0977011494253,117.93251080389719,1.0,100.5,194.0,309.5,400.0,174,0 days 00:04:47.954022,0 days 00:02:32.633332,0 days 00:00:32,0 days 00:02:57.750000,0 days 00:04:22,0 days 00:06:25.500000,0 days 00:11:43
M15,AW2,167.0,194.92215568862275,114.4772294931767,2.0,100.0,188.0,290.5,399.0,167,0 days 00:05:08.772455,0 days 00:02:25.651741,0 days 00:00:37,0 days 00:03:32,0 days 00:05:08,0 days 00:06:35,0 days 00:12:51
M15,B,400.0,200.5,115.61430130683084,1.0,100.75,200.5,300.25,400.0,400,0 days 00:13:30.747500,0 days 00:04:07.756042,0 days 00:04:26,0 days 00:10:20.250000,0 days 00:13:01,0 days 00:16:16.250000,0 days 00:27:39
M15,BE1,165.0,210.0,116.85768914451083,6.0,112.0,207.0,318.0,400.0,165,0 days 00:04:57.866666,0 days 00:02:26.387663,0 days 00:00:40,0 days 00:03:00,0 days 00:04:42,0 days 00:06:42,0 days 00:11:08
M15,BE2,179.0,196.7094972067039,117.4805002670835,1.0,96.5,200.0,295.5,399.0,179,0 days 00:05:18.067039,0 days 00:02:32.385178,0 days 00:00:21,0 days 00:03:10.500000,0 days 00:05:27,0 days 00:07:14,0 days 00:11:29
M15,BW1,308.0,195.6818181818182,117.15057292539629,1.0,92.75,195.5,296.5,400.0,308,0 days 00:06:01.172077,0 days 00:02:37.008805,0 days 00:00:15,0 days 00:04:13,0 days 00:05:43.500000,0 days 00:07:58.250000,0 days 00:13:12
M15,BW2,172.0,198.50581395348837,117.98000113474598,4.0,93.75,196.0,298.25,400.0,172,0 days 00:05:35.767441,0 days 00:02:36.698442,0 days 00:00:57,0 days 00:03:39,0 days 00:05:22,0 days 00:07:29.250000,0 days 00:11:36
M15,F,400.0,200.5,115.61430130683084,1.0,100.75,200.5,300.25,400.0,400,0 days 00:35:40.737500,0 days 00:07:46.650898,0 days 00:19:50,0 days 00:29:49.750000,0 days 00:35:16.500000,0 days 00:41:28.250000,0 days 00:54:55
M15,I,317.0,201.93059936908517,116.2011088585478,1.0,102.0,197.0,308.0,400.0,317,0 days 00:05:53.993690,0 days 00:02:35.404433,0 days 00:00:31,0 days 00:04:08,0 days 00:05:45,0 days 00:07:31,0 days 00:12:58
M15,O,288.0,199.59027777777777,115.19027816571459,1.0,102.75,198.5,298.25,398.0,288,0 days 00:05:54.781250,0 days 00:02:29.724639,0 days 00:00:23,0 days 00:04:07.750000,0 days 00:05:56,0 days 00:07:40,0 days 00:13:31
M16,A,400.0,200.5,115.61430130683084,1.0,100.75,200.5,300.25,400.0,400,0 days 00:13:13.587500,0 days 00:04:04.135449,0 days 00:04:26,0 days 00:10:05,0 days 00:13:00,0 days 00:15:58.250000,0 days 00:27:46
M16,AE1,277.0,206.55595667870037,111.40620254815714,2.0,113.0,213.0,300.0,399.0,277,0 days 00:05:53.382671,0 days 00:02:43.675529,0 days 00:00:17,0 days 00:03:38,0 days 00:05:43,0 days 00:07:41,0 days 00:14:37
M16,AE2,292.0,200.83904109589042,115.11663642837424,1.0,99.5,205.5,298.25,398.0,292,0 days 00:05:50.996575,0 days 00:02:39.220081,0 days 00:00:17,0 days 00:03:55.250000,0 days 00:05:42,0 days 00:07:34.250000,0 days 00:14:40
M16,AW1,196.0,193.74489795918367,116.61770206694246,1.0,98.0,191.5,288.5,400.0,196,0 days 00:05:01.132653,0 days 00:02:43.394983,0 days 00:00:04,0 days 00:02:55.750000,0 days 00:04:49.500000,0 days 00:06:52.250000,0 days 00:11:55
M16,AW2,190.0,196.08947368421053,115.41939808692462,5.0,94.5,192.5,290.75,400.0,190,0 days 00:05:05.447368,0 days 00:02:34.003074,0 days 00:00:07,0 days 00:03:00,0 days 00:05:05,0 days 00:06:56.750000,0 days 00:11:33
M16,B,400.0,200.5,115.61430130683084,1.0,100.75,200.5,300.25,400.0,400,0 days 00:13:33.245000,0 days 00:04:06.595698,0 days 00:04:58,0 days 00:10:30.250000,0 days 00:13:16,0 days 00:16:20,0 days 00:26:44
M16,BE1,169.0,199.3550295857988,116.21262067314102,1.0,101.0,195.0,303.0,400.0,169,0 days 00:05:30.704142,0 days 00:02:48.732339,0 days 00:00:28,0 days 00:03:05,0 days 00:05:19,0 days 00:07:42,0 days 00:12:38
M16,BE2,163.0,188.94478527607362,106.74229098910025,2.0,102.5,184.0,276.5,397.0,163,0 days 00:05:28.110429,0 days 00:02:35.944949,0 days 00:00:54,0 days 00:03:29.500000,0 days 00:05:41,0 days 00:07:00,0 days 00:11:46
M16,BW1,291.0,208.65635738831614,118.67997588035433,1.0,102.0,211.0,318.5,400.0,291,0 days 00:06:02.312714,0 days 00:02:27.508696,0 days 00:01:06,0 days 00:04:12,0 days 00:05:55,0 days 00:07:46.500000,0 days 00:14:25
M16,BW2,162.0,207.3827160493827,115.81223483154376,6.0,109.25,219.0,310.75,400.0,162,0 days 00:05:06.425925,0 days 00:02:29.529149,0 days 00:00:36,0 days 00:03:06.750000,0 days 00:05:03.500000,0 days 00:06:37.750000,0 days 00:12:19
M16,F,400.0,200.5,115.61430130683084,1.0,100.75,200.5,300.25,400.0,400,0 days 00:36:18.980000,0 days 00:08:03.206955,0 days 00:20:13,0 days 00:29:00.750000,0 days 00:35:58.500000,0 days 00:42:54,0 days 00:55:13
M16,I,331.0,199.68277945619334,116.52165479380893,1.0,101.5,197.0,303.0,400.0,331,0 days 00:05:53.069486,0 days 00:02:38.760610,0 days 00:00:09,0 days 00:03:55,0 days 00:05:41,0 days 00:07:33.500000,0 days 00:13:54
M16,O,296.0,197.0777027027027,115.76875274146606,1.0,98.75,197.5,292.5,399.0,296,0 days 00:06:18.354729,0 days 00:02:38.658996,0 days 00:00:43,0 days 00:04:22.750000,0 days 00:06:10,0 days 00:08:12.750000,0 days 00:13:12
M17,A,400.0,200.5,115.61430130683084,1.0,100.75,200.5,300.25,400.0,400,0 days 00:13:16.227500,0 days 00:04:15.640599,0 days 00:04:15,0 days 00:10:04,0 days 00:12:43.500000,0 days 00:16:03,0 days 00:26:43
M17,AE1,284.0,205.98239436619718,118.27402619335011,1.0,105.75,207.0,304.5,400.0,284,0 days 00:05:35.950704,0 days 00:02:31.875591,0 days 00:00:25,0 days 00:03:31,0 days 00:05:19.500000,0 days 00:07:18,0 days 00:14:46
M17,AE2,303.0,199.73267326732673,115.60639643121013,1.0,98.0,195.0,298.5,399.0,303,0 days 00:05:45.277227,0 days 00:02:25.346545,0 days 00:00:34,0 days 00:04:06,0 days 00:05:27,0 days 00:07:07,0 days 00:14:19
M17,AW1,195.0,199.13333333333333,113.54799460597178,2.0,104.5,208.0,296.0,400.0,195,0 days 00:04:54.882051,0 days 00:02:33.531021,0 days 00:00:10,0 days 00:02:55.500000,0 days 00:04:38,0 days 00:06:51,0 days 00:13:28
M17,AW2,186.0,195.71505376344086,117.33937607454996,2.0,94.25,197.0,300.75,400.0,186,0 days 00:05:27.741935,0 days 00:02:40.112251,0 days 00:00:34,0 days 00:03:29,0 days 00:05:07,0 days 00:07:22.750000,0 days 00:11:46
M17,B,400.0,200.5,115.61430130683084,1.0,100.75,200.5,300.25,400.0,400,0 days 00:13:18.120000,0 days 00:03:59.638136,0 days 00:04:16,0 days 00:10:19,0 days 00:13:02.500000,0 days 00:16:10.750000,0 days 00:25:32
M17,BE1,169.0,204.31360946745562,118.77716177328871,1.0,105.0,213.0,309.0,397.0,169,0 days 00:04:44.946745,0 days 00:02:30.696686,0 days 00:00:36,0 days 00:02:58,0 days 00:04:24,0 days 00:06:12,0 days 00:13:13
M17,BE2,177.0,201.0677966101695,118.08580245372522,2.0,97.0,203.0,302.0,400.0,177,0 days 00:04:57.666666,0 days 00:02:37.841104,0 days 00:00:15,0 days 00:02:51,0 days 00:04:34,0 days 00:06:43,0 days 00:11:08
M17,BW1,298.0,198.34228187919464,113.30955019688,1.0,105.25,196.5,292.75,400.0,298,0 days 00:05:55.651006,0 days 00:02:27.115860,0 days 00:00:52,0 days 00:04:09.250000,0 days 00:05:42,0 days 00:07:40,0 days 00:12:25
M17,BW2,176.0,192.28977272727272,113.51033235766711,1.0,100.5,188.0,283.5,400.0,176,0 days 00:05:11.267045,0 days 00:02:26.417298,0 days 00:00:47,0 days 00:03:30,0 days 00:04:55.500000,0 days 00:06:37.750000,0 days 00:12:06
M17,F,400.0,200.5,115.61430130683084,1.0,100.75,200.5,300.25,400.0,400,0 days 00:35:57.357500,0 days 00:07:55.733392,0 days 00:21:24,0 days 00:29:10.500000,0 days 00:35:31,0 days 00:42:33.500000,0 days 00:54:03
M17,I,340.0,200.4029411764706,113.55935899309569,1.0,105.75,200.0,296.25,400.0,340,0 days 00:05:53,0 days 00:02:44.628463,0 days 00:00:35,0 days 00:03:57,0 days 00:05:41,0 days 00:07:40.500000,0 days 00:13:48
M17,O,300.0,198.57,116.28999516978506,2.0,95.75,196.5,301.25,400.0,300,0 days 00:05:50.613333,0 days 00:02:38.038934,0 days 00:00:36,0 days 00:03:56,0 days 00:05:29,0 days 00:07:28.750000,0 days 00:15:21
M18,A,400.0,200.5,115.61430130683084,1.0,100.75,200.5,300.25,400.0,400,0 days 00:13:30.317500,0 days 00:04:08.531671,0 days 00:05:11,0 days 00:10:09.500000,0 days 00:13:09,0 days 00:16:26,0 days 00:25:25
M18,AE1,281.0,205.02135231316726,116.478659478374,1.0,107.0,208.0,310.0,400.0,281,0 days 00:06:03.071174,0 days 00:02:50.070663,0 days 00:00:11,0 days 00:03:58,0 days 00:05:41,0 days 00:08:06,0 days 00:14:45
M18,AE2,303.0,200.22772277227722,116.2047360732628,1.0,98.0,202.0,298.5,399.0,303,0 days 00:06:04.564356,0 days 00:02:41.251546,0 days 00:00:40,0 days 00:04:06,0 days 00:05:53,0 days 00:07:59,0 days 00:13:20
M18,AW1,192.0,191.0,113.58392888311074,3.0,93.5,185.0,285.25,397.0,192,0 days 00:05:00.442708,0 days 00:02:30.851117,0 days 00:00:25,0 days 00:03:07.750000,0 days 00:04:33.500000,0 days 00:06:44,0 days 00:13:34
M18,AW2,172.0,203.3372093023256,113.8860732122178,3.0,107.75,205.5,304.75,400.0,172,0 days 00:05:13.697674,0 days 00:02:39.090402,0 days 00:00:15,0 days 00:03:14.250000,0 days 00:04:49,0 days 00:07:06.500000,0 days 00:12:29
M18,B,400.0,200.5,115.61430130683084,1.0,100.75,200.5,300.25,400.0,400,0 days 00:13:44.680000,0 days 00:04:08.005320,0 days 00:04:54,0 days 00:10:52.750000,0 days 00:13:14,0 days 00:16:18,0 days 00:26:28
M18,BE1,172.0,203.47093023255815,112.46750939926889,8.0,105.5,192.0,301.25,398.0,172,0 days 00:05:20.290697,0 days 00:02:38.975143,0 days 00:00:18,0 days 00:03:11.500000,0 days 00:05:18,0 days 00:07:11.250000,0 days 00:12:24
M18,BE2,181.0,197.21546961325967,110.20210213474664,2.0,108.0,199.0,288.0,399.0,181,0 days 00:05:23.419889,0 days 00:02:33.455605,0 days 00:00:02,0 days 00:03:18,0 days 00:05:14,0 days 00:07:00,0 days 00:11:57
M18,BW1,287.0,198.40766550522648,117.62018556745556,1.0,99.5,199.0,300.5,400.0,287,0 days 00:06:03.452961,0 days 00:02:38.882473,0 days 00:00:37,0 days 00:04:04.500000,0 days 00:05:53,0 days 00:07:55.500000,0 days 00:13:13
M18,BW2,179.0,194.35195530726256,118.95010819893069,2.0,85.0,197.0,296.0,400.0,179,0 days 00:05:11.620111,0 days 00:02:43.650768,0 days 00:00:09,0 days 00:02:54,0 days 00:04:49,0 days 00:07:03.500000,0 days 00:11:16
M18,F,400.0,200.5,115.61430130683084,1.0,100.75,200.5,300.25,400.0,400,0 days 00:36:28.112500,0 days 00:07:23.066371,0 days 00:19:38,0 days 00:30:22.750000,0 days 00:36:58,0 days 00:41:44.750000,0 days 00:53:57
M18,I,327.0,199.80428134556576,116.77501143008848,1.0,99.5,195.0,304.0,400.0,327,0 days 00:05:59.529051,0 days 00:02:32.345843,0 days 00:00:15,0 days 00:03:56,0 days 00:05:52,0 days 00:08:00.500000,0 days 00:13:46
M18,O,292.0,202.72260273972603,113.8446902933075,1.0,103.75,204.5,300.25,397.0,292,0 days 00:05:55.068493,0 days 00:02:29.659506,0 days 00:00:18,0 days 00:04:10.250000,0 days 00:05:45.500000,0 days 00:07:35.500000,0 days 00:16:28
M19,A,400.0,200.5,115.61430130683084,1.0,100.75,200.5,300.25,400.0,400,0 days 00:13:21.807500,0 days 00:03:53.383482,0 days 00:04:16,0 days 00:10:31,0 days 00:13:09.500000,0 days 00:15:49.250000,0 days 00:28:09
M19,AE1,294.0,205.44557823129253,115.80589605277449,2.0,104.25,212.5,306.75,397.0,294,0 days 00:05:56.812925,0 days 00:02:30.413295,0 days 00:00:17,0 days 00:04:00.250000,0 days 00:05:29.500000,0 days 00:07:38.500000,0 days 00:12:32
M19,AE2,306.0,204.27777777777777,115.49939165106822,1.0,104.25,205.5,307.75,400.0,306,0 days 00:06:09.137254,0 days 00:02:38.370267,0 days 00:00:28,0 days 00:04:11,0 days 00:06:01,0 days 00:07:57.500000,0 days 00:13:08
M19,AW1,172.0,187.94767441860466,116.41734083040221,4.0,81.25,186.5,287.5,400.0,172,0 days 00:05:11.947674,0 days 00:02:49.789145,0 days 00:00:13,0 days 00:03:07,0 days 00:04:58.500000,0 days 00:06:55,0 days 00:12:19
M19,AW2,163.0,203.57055214723925,118.7427434729004,1.0,95.5,215.0,303.0,397.0,163,0 days 00:05:01.895705,0 days 00:02:35.845824,0 days 00:00:32,0 days 00:03:08.500000,0 days 00:04:38,0 days 00:06:45,0 days 00:11:52
M19,B,400.0,200.5,115.61430130683084,1.0,100.75,200.5,300.25,400.0,400,0 days 00:13:24.122500,0 days 00:03:53.831392,0 days 00:03:38,0 days 00:10:38.500000,0 days 00:12:51,0 days 00:15:51.500000,0 days 00:26:46
M19,BE1,153.0,198.33333333333334,112.3384219785536,3.0,105.0,200.0,295.0,399.0,153,0 days 00:05:15.934640,0 days 00:02:22.822058,0 days 00:00:43,0 days 00:03:29,0 days 00:04:56,0 days 00:06:58,0 days 00:11:36
M19,BE2,171.0,196.05263157894737,109.70062272105385,6.0,110.0,193.0,290.0,399.0,171,0 days 00:04:54.836257,0 days 00:02:29.510601,0 days 00:00:15,0 days 00:03:04.500000,0 days 00:04:32,0 days 00:06:30,0 days 00:12:19
M19,BW1,310.0,199.29032258064515,116.5990262212906,1.0,99.25,201.5,300.25,400.0,310,0 days 00:06:03.374193,0 days 00:02:42.717721,0 days 00:00:27,0 days 00:03:57.500000,0 days 00:05:48,0 days 00:07:54.500000,0 days 00:15:09
M19,BW2,185.0,207.45405405405404,115.4693131514645,2.0,117.0,211.0,311.0,399.0,185,0 days 00:05:12.427027,0 days 00:02:33.313107,0 days 00:00:28,0 days 00:03:14,0 days 00:05:19,0 days 00:07:04,0 days 00:11:24
M19,F,400.0,200.5,115.61430130683084,1.0,100.75,200.5,300.25,400.0,400,0 days 00:35:52.610000,0 days 00:07:39.396654,0 days 00:21:27,0 days 00:29:39.750000,0 days 00:35:41.500000,0 days 00:41:17.250000,0 days 00:55:10
M19,I,325.0,203.5046153846154,114.5055560013386,1.0,105.0,202.0,304.0,400.0,325,0 days 00:05:40.815384,0 days 00:02:37.719423,0 days 00:00:17,0 days 00:03:38,0 days 00:05:30,0 days 00:07:11,0 days 00:14:25
M19,O,297.0,201.86868686868686,115.21395899480386,1.0,104.0,203.0,303.0,400.0,297,0 days 00:06:03.323232,0 days 00:02:42.947087,0 days 00:00:15,0 days 00:04:09,0 days 00:05:49,0 days 00:07:51,0 days 00:14:56
M2,A,400.0,200.5,115.61430130683084,1.0,100.75,200.5,300.25,400.0,400,0 days 00:13:35.952500,0 days 00:04:14.656937,0 days 00:04:27,0 days 00:10:25.750000,0 days 00:13:16,0 days 00:16:46.250000,0 days 00:24:38
M2,AE1,272.0,199.53676470588235,114.60311157256673,2.0,105.25,199.5,301.5,400.0,272,0 days 00:06:13.036764,0 days 00:02:36.039398,0 days 00:01:06,0 days 00:04:15.750000,0 days 00:05:59,0 days 00:08:01.750000,0 days 00:14:28
M2,AE2,291.0,208.27491408934708,116.99160015342176,1.0,110.0,211.0,311.5,400.0,291,0 days 00:06:15.920962,0 days 00:02:38.491914,0 days 00:00:44,0 days 00:04:15.500000,0 days 00:06:07,0 days 00:08:02.500000,0 days 00:14:54
M2,AW1,174.0,196.95977011494253,116.38005108813248,3.0,96.5,182.5,300.75,398.0,174,0 days 00:05:29.620689,0 days 00:02:30.052494,0 days 00:00:38,0 days 00:03:19.750000,0 days 00:05:21.500000,0 days 00:07:25.500000,0 days 00:11:56
M2,AW2,178.0,194.79775280898878,115.84727719432892,1.0,97.5,190.0,299.75,400.0,178,0 days 00:05:26.786516,0 days 00:02:35.030667,0 days 00:00:38,0 days 00:03:29.750000,0 days 00:05:17.500000,0 days 00:07:16.500000,0 days 00:11:23
M2,B,400.0,200.5,115.61430130683084,1.0,100.75,200.5,300.25,400.0,400,0 days 00:13:31.392500,0 days 00:04:22.899989,0 days 00:03:31,0 days 00:10:25.500000,0 days 00:13:08,0 days 00:16:03.250000,0 days 00:26:56
M2,BE1,159.0,203.54088050314465,115.21343661411632,4.0,100.5,208.0,303.5,398.0,159,0 days 00:05:17.767295,0 days 00:02:34.359771,0 days 00:00:25,0 days 00:03:24,0 days 00:05:05,0 days 00:06:58.500000,0 days 00:11:54
M2,BE2,185.0,199.0972972972973,116.07180706282475,2.0,99.0,206.0,298.0,400.0,185,0 days 00:04:54.518918,0 days 00:02:21.231312,0 days 00:00:24,0 days 00:02:55,0 days 00:04:50,0 days 00:06:46,0 days 00:11:09
M2,BW1,297.0,197.67340067340066,116.10746594510468,1.0,102.0,192.0,301.0,400.0,297,0 days 00:06:01.141414,0 days 00:02:40.755543,0 days 00:00:04,0 days 00:04:01,0 days 00:05:57,0 days 00:07:40,0 days 00:15:00
M2,BW2,176.0,202.2215909090909,114.53584237395596,1.0,109.5,209.5,293.5,400.0,176,0 days 00:05:31.295454,0 days 00:02:46.243825,0 days 00:00:50,0 days 00:03:24.750000,0 days 00:05:20.500000,0 days 00:07:30.250000,0 days 00:12:30
M2,F,400.0,200.5,115.61430130683084,1.0,100.75,200.5,300.25,400.0,400,0 days 00:36:37.145000,0 days 00:07:47.253521,0 days 00:21:26,0 days 00:30:24.250000,0 days 00:36:27,0 days 00:42:55.500000,0 days 00:54:38
M2,I,321.0,200.00623052959503,115.49074621396811,1.0,101.0,201.0,300.0,399.0,321,0 days 00:06:08.710280,0 days 00:02:39.620957,0 days 00:00:08,0 days 00:04:25,0 days 00:06:06,0 days 00:07:58,0 days 00:15:52
M2,O,298.0,199.3221476510067,116.81671554069435,1.0,96.25,194.5,299.75,400.0,298,0 days 00:06:07.664429,0 days 00:02:34.814524,0 days 00:00:34,0 days 00:04:16.250000,0 days 00:05:56,0 days 00:07:49,0 days 00:13:58
M20,A,400.0,200.5,115.61430130683084,1.0,100.75,200.5,300.25,400.0,400,0 days 00:13:33.450000,0 days 00:03:59.746696,0 days 00:04:15,0 days 00:10:31.500000,0 days 00:13:26.500000,0 days 00:16:22,0 days 00:26:30
M20,AE1,287.0,205.05226480836237,115.88350516500712,1.0,108.5,208.0,306.5,400.0,287,0 days 00:06:03.209059,0 days 00:02:35.526597,0 days 00:00:42,0 days 00:04:14.500000,0 days 00:05:59,0 days 00:07:30,0 days 00:13:31
M20,AE2,291.0,203.27147766323023,116.66816416014541,2.0,103.5,205.0,301.5,400.0,291,0 days 00:05:56.769759,0 days 00:02:49.274268,0 days 00:00:11,0 days 00:04:02.500000,0 days 00:05:39,0 days 00:07:43.500000,0 days 00:14:13
M20,AW1,179.0,196.3072625698324,118.16618702466252,1.0,91.5,192.0,299.0,400.0,179,0 days 00:05:10.659217,0 days 00:02:23.722700,0 days 00:00:33,0 days 00:03:28.500000,0 days 00:05:04,0 days 00:06:36,0 days 00:11:09
M20,AW2,193.0,197.94818652849742,116.88597278850455,4.0,95.0,205.0,304.0,399.0,193,0 days 00:05:19.746113,0 days 00:02:40.399899,0 days 00:00:08,0 days 00:03:01,0 days 00:05:16,0 days 00:07:13,0 days 00:12:35
M20,B,400.0,200.5,115.61430130683084,1.0,100.75,200.5,300.25,400.0,400,0 days 00:13:17.492500,0 days 00:04:07.183259,0 days 00:04:24,0 days 00:10:12,0 days 00:12:45.500000,0 days 00:16:05,0 days 00:27:51
M20,BE1,158.0,209.58860759493672,111.8340518626176,1.0,119.25,198.5,310.75,400.0,158,0 days 00:05:01.310126,0 days 00:02:26.960669,0 days 00:00:53,0 days 00:02:59.500000,0 days 00:04:59.500000,0 days 00:06:29,0 days 00:12:12
M20,BE2,197.0,197.81725888324874,119.70549365344638,1.0,97.0,196.0,303.0,399.0,197,0 days 00:05:07.020304,0 days 00:02:36.073405,0 days 00:00:16,0 days 00:03:10,0 days 00:04:59,0 days 00:06:59,0 days 00:12:20
M20,BW1,296.0,198.5,115.01881938865188,2.0,98.75,198.5,295.5,400.0,296,0 days 00:05:54.820945,0 days 00:02:41.348296,0 days 00:00:49,0 days 00:03:58,0 days 00:05:41,0 days 00:07:35.250000,0 days 00:17:05
M20,BW2,192.0,205.40625,112.50508569074876,1.0,107.0,213.5,300.0,400.0,192,0 days 00:04:58.520833,0 days 00:02:33.786482,0 days 00:00:23,0 days 00:02:54.750000,0 days 00:04:42,0 days 00:06:44.500000,0 days 00:12:46
M20,F,400.0,200.5,115.61430130683084,1.0,100.75,200.5,300.25,400.0,400,0 days 00:36:05.682500,0 days 00:07:41.952271,0 days 00:19:36,0 days 00:29:49.250000,0 days 00:35:50.500000,0 days 00:42:16,0 days 00:58:30
M20,I,324.0,203.60493827160494,115.37709652605473,1.0,102.75,207.5,302.25,400.0,324,0 days 00:05:43.398148,0 days 00:02:32.435781,0 days 00:00:23,0 days 00:03:49.750000,0 days 00:05:45.500000,0 days 00:07:31.250000,0 days 00:13:34
M20,O,296.0,196.56756756756758,117.18547733023091,1.0,97.75,198.5,297.25,397.0,296,0 days 00:06:13.766891,0 days 00:02:35.811826,0 days 00:00:25,0 days 00:04:27,0 days 00:05:59.500000,0 days 00:08:06.500000,0 days 00:14:05
M21,A,400.0,200.5,115.61430130683084,1.0,100.75,200.5,300.25,400.0,400,0 days 00:13:07.017500,0 days 00:04:01.455760,0 days 00:04:22,0 days 00:10:08.750000,0 days 00:12:46,0 days 00:15:45.250000,0 days 00:27:06
M21,AE1,283.0,197.53003533568904,115.94126806611565,1.0,93.5,197.0,295.5,400.0,283,0 days 00:05:58.939929,0 days 00:02:34.310936,0 days 00:00:50,0 days 00:04:05,0 days 00:05:53,0 days 00:07:53.500000,0 days 00:12:32
M21,AE2,280.0,196.40714285714284,115.05453881617073,1.0,103.5,190.5,291.25,399.0,280,0 days 00:05:53.514285,0 days 00:02:45.947328,0 days 00:00:17,0 days 00:03:51.250000,0 days 00:05:43.500000,0 days 00:07:47.500000,0 days 00:16:15
M21,AW1,179.0,189.31843575418995,118.90603525478132,1.0,86.0,176.0,298.5,399.0,179,0 days 00:05:43.770949,0 days 00:02:36.822228,0 days 00:00:43,0 days 00:03:47.500000,0 days 00:05:38,0 days 00:07:32.500000,0 days 00:12:52
M21,AW2,178.0,198.97752808988764,113.32633519717459,3.0,98.25,201.0,297.5,400.0,178,0 days 00:04:56.112359,0 days 00:02:41.951652,0 days 00:00:17,0 days 00:02:43,0 days 00:04:45.500000,0 days 00:06:47.250000,0 days 00:11:21
M21,B,400.0,200.5,115.61430130683084,1.0,100.75,200.5,300.25,400.0,400,0 days 00:13:14.470000,0 days 00:03:54.372824,0 days 00:05:08,0 days 00:10:22,0 days 00:12:48,0 days 00:15:50,0 days 00:24:29
M21,BE1,170.0,211.3294117647059,117.3042257480529,2.0,114.75,216.5,314.75,400.0,170,0 days 00:04:58.705882,0 days 00:02:29.798667,0 days 00:00:25,0 days 00:02:59,0 days 00:05:00,0 days 00:06:51.250000,0 days 00:12:24
M21,BE2,187.0,191.4866310160428,118.20382243190639,1.0,88.5,179.0,297.0,400.0,187,0 days 00:05:05.085561,0 days 00:02:39.318350,0 days 00:00:24,0 days 00:02:57,0 days 00:04:51,0 days 00:06:48,0 days 00:12:02
M21,BW1,302.0,204.22185430463577,114.17062093022584,1.0,104.25,206.5,298.75,399.0,302,0 days 00:05:57.970198,0 days 00:02:36.870777,0 days 00:00:56,0 days 00:03:56.250000,0 days 00:05:54,0 days 00:07:30.500000,0 days 00:14:34
M21,BW2,167.0,197.78443113772454,114.76771300728025,6.0,102.0,199.0,288.5,399.0,167,0 days 00:05:26.664670,0 days 00:02:32.768570,0 days 00:00:56,0 days 00:03:23.500000,0 days 00:05:18,0 days 00:07:31.500000,0 days 00:12:43
M21,F,400.0,200.5,115.61430130683084,1.0,100.75,200.5,300.25,400.0,400,0 days 00:35:29.972500,0 days 00:07:31.454898,0 days 00:20:19,0 days 00:29:06.250000,0 days 00:35:39,0 days 00:41:31.500000,0 days 00:52:57
M21,I,335.0,199.7731343283582,116.11259193822882,1.0,100.5,193.0,303.0,400.0,335,0 days 00:05:40.961194,0 days 00:02:27.204046,0 days 00:00:28,0 days 00:03:50,0 days 00:05:33,0 days 00:07:30,0 days 00:14:46
M21,O,297.0,205.69023569023568,117.08038214861567,1.0,107.0,208.0,310.0,400.0,297,0 days 00:05:54.114478,0 days 00:02:25.016635,0 days 00:00:43,0 days 00:04:09,0 days 00:05:47,0 days 00:07:38,0 days 00:14:47
M22,A,400.0,200.5,115.61430130683084,1.0,100.75,200.5,300.25,400.0,400,0 days 00:13:25.690000,0 days 00:04:12.475649,0 days 00:04:55,0 days 00:10:11.750000,0 days 00:13:07,0 days 00:16:33,0 days 00:25:48
M22,AE1,284.0,202.36267605633802,115.91378611054542,1.0,105.75,198.0,303.5,400.0,284,0 days 00:05:41.443661,0 days 00:02:30.561963,0 days 00:00:51,0 days 00:03:43.750000,0 days 00:05:27,0 days 00:07:32,0 days 00:11:55
M22,AE2,295.0,200.24067796610169,116.55272247006957,2.0,95.5,195.0,304.5,400.0,295,0 days 00:05:59.047457,0 days 00:02:39.276247,0 days 00:00:44,0 days 00:04:09,0 days 00:05:36,0 days 00:07:48,0 days 00:14:55
M22,AW1,195.0,207.6,113.79794899679122,1.0,107.0,211.0,306.5,400.0,195,0 days 00:05:05.569230,0 days 00:02:28.745853,0 days 00:00:38,0 days 00:02:57.500000,0 days 00:04:59,0 days 00:06:50,0 days 00:11:02
M22,AW2,194.0,196.54123711340208,112.08601827508252,1.0,107.25,194.0,283.75,400.0,194,0 days 00:05:08.252577,0 days 00:02:41.307234,0 days 00:00:18,0 days 00:02:51.750000,0 days 00:05:01,0 days 00:07:13,0 days 00:11:42
M22,B,400.0,200.5,115.61430130683084,1.0,100.75,200.5,300.25,400.0,400,0 days 00:13:36.400000,0 days 00:03:59.906905,0 days 00:04:56,0 days 00:10:38.750000,0 days 00:13:06.500000,0 days 00:16:07.500000,0 days 00:24:42
M22,BE1,169.0,210.87573964497042,111.5645870628455,7.0,120.0,220.0,302.0,400.0,169,0 days 00:05:13.420118,0 days 00:02:24.196442,0 days 00:00:34,0 days 00:03:24,0 days 00:05:10,0 days 00:06:48,0 days 00:11:12
M22,BE2,178.0,200.92696629213484,111.73723338801571,2.0,108.25,204.5,294.5,400.0,178,0 days 00:05:30.247191,0 days 00:02:38.648122,0 days 00:00:54,0 days 00:03:15.250000,0 days 00:05:21.500000,0 days 00:07:30,0 days 00:11:39
M22,BW1,306.0,200.140522875817,117.00198901933163,1.0,97.25,201.5,301.75,398.0,306,0 days 00:05:55.424836,0 days 00:02:33.083356,0 days 00:00:24,0 days 00:04:05.500000,0 days 00:05:42.500000,0 days 00:07:16.750000,0 days 00:13:38
M22,BW2,177.0,197.19209039548022,113.37000637811396,5.0,92.0,202.0,292.0,397.0,177,0 days 00:05:08.305084,0 days 00:02:31.772810,0 days 00:00:20,0 days 00:03:01,0 days 00:04:58,0 days 00:06:46,0 days 00:11:27
M22,F,400.0,200.5,115.61430130683084,1.0,100.75,200.5,300.25,400.0,400,0 days 00:36:35.897500,0 days 00:07:43.512617,0 days 00:20:18,0 days 00:30:28,0 days 00:36:21.500000,0 days 00:42:57.250000,0 days 00:58:17
M22,I,333.0,198.75975975975976,117.50104819810315,1.0,99.0,200.0,304.0,400.0,333,0 days 00:06:00.258258,0 days 00:02:35.275055,0 days 00:00:23,0 days 00:04:08,0 days 00:06:01,0 days 00:07:44,0 days 00:12:59
M22,O,296.0,203.25,116.08205017521597,1.0,110.75,203.5,304.25,400.0,296,0 days 00:06:10.125000,0 days 00:02:47.201800,0 days 00:00:13,0 days 00:04:11,0 days 00:06:04.500000,0 days 00:08:10.750000,0 days 00:15:59
M23,A,400.0,200.5,115.61430130683084,1.0,100.75,200.5,300.25,400.0,400,0 days 00:12:56.095000,0 days 00:03:56.126736,0 days 00:04:04,0 days 00:09:51,0 days 00:12:23.500000,0 days 00:15:37,0 days 00:24:34
M23,AE1,273.0,199.6007326007326,116.95328818425064,1.0,94.0,205.0,297.0,400.0,273,0 days 00:05:53.805860,0 days 00:02:32.082609,0 days 00:00:14,0 days 00:04:00,0 days 00:05:47,0 days 00:07:27,0 days 00:12:42
M23,AE2,315.0,197.4857142857143,116.89456686870136,1.0,95.5,193.0,295.5,400.0,315,0 days 00:05:59.800000,0 days 00:02:26.596334,0 days 00:00:57,0 days 00:04:24,0 days 00:05:51,0 days 00:07:34,0 days 00:14:46
M23,AW1,177.0,204.09604519774012,116.69125364590309,5.0,109.0,196.0,310.0,397.0,177,0 days 00:04:53.062146,0 days 00:02:41.662181,0 days 00:00:29,0 days 00:02:51,0 days 00:04:13,0 days 00:06:26,0 days 00:12:32
M23,AW2,155.0,192.88387096774193,114.35096095194216,5.0,98.0,200.0,292.5,395.0,155,0 days 00:05:13.806451,0 days 00:02:26.068792,0 days 00:01:13,0 days 00:03:36,0 days 00:04:43,0 days 00:06:36.500000,0 days 00:11:44
M23,B,400.0,200.5,115.61430130683084,1.0,100.75,200.5,300.25,400.0,400,0 days 00:13:17.155000,0 days 00:04:04.478537,0 days 00:04:02,0 days 00:10:20.750000,0 days 00:12:51,0 days 00:15:51,0 days 00:27:20
M23,BE1,174.0,197.32758620689654,117.00275001921536,1.0,91.75,188.0,296.5,399.0,174,0 days 00:05:26.091954,0 days 00:02:45.697902,0 days 00:00:38,0 days 00:03:19.500000,0 days 00:05:09,0 days 00:07:06.750000,0 days 00:13:14
M23,BE2,183.0,185.10382513661202,114.68693716686522,3.0,80.5,188.0,277.0,399.0,183,0 days 00:05:04.087431,0 days 00:02:31.256106,0 days 00:00:07,0 days 00:03:04,0 days 00:05:15,0 days 00:06:32,0 days 00:11:21
M23,BW1,301.0,200.8704318936877,115.11272658925617,1.0,102.0,197.0,301.0,400.0,301,0 days 00:05:42.325581,0 days 00:02:39.312649,0 days 00:00:20,0 days 00:03:47,0 days 00:05:29,0 days 00:07:22,0 days 00:13:10
M23,BW2,155.0,215.9806451612903,118.72414118821737,1.0,120.0,232.0,314.5,400.0,155,0 days 00:04:54.490322,0 days 00:02:40.012433,0 days 00:00:33,0 days 00:02:44.500000,0 days 00:04:36,0 days 00:06:44,0 days 00:11:18
M23,F,400.0,200.5,115.61430130683084,1.0,100.75,200.5,300.25,400.0,400,0 days 00:35:43.917500,0 days 00:07:36.849926,0 days 00:21:03,0 days 00:29:43.750000,0 days 00:35:11,0 days 00:41:41.500000,0 days 00:53:57
M23,I,331.0,202.02719033232628,114.3291467819997,1.0,106.5,202.0,300.5,400.0,331,0 days 00:05:55.767371,0 days 00:02:39.935982,0 days 00:00:32,0 days 00:03:57.500000,0 days 00:05:46,0 days 00:07:43.500000,0 days 00:14:42
M23,O,311.0,198.87459807073955,114.13642246586177,3.0,99.5,197.0,295.5,400.0,311,0 days 00:05:55.331189,0 days 00:02:35.938562,0 days 00:00:54,0 days 00:04:02.500000,0 days 00:05:41,0 days 00:07:50,0 days 00:14:40
M24,A,400.0,200.5,115.61430130683084,1.0,100.75,200.5,300.25,400.0,400,0 days 00:12:59.002500,0 days 00:03:56.108227,0 days 00:04:03,0 days 00:10:18,0 days 00:12:49,0 days 00:15:18,0 days 00:27:10
M24,AE1,267.0,199.39700374531836,112.45149192474726,2.0,103.5,196.0,290.5,400.0,267,0 days 00:06:00.636704,0 days 00:02:40.899723,0 days 00:00:24,0 days 00:03:52,0 days 00:05:49,0 days 00:07:48.500000,0 days 00:14:03
M24,AE2,286.0,199.77272727272728,116.15147743239804,2.0,96.25,202.5,298.75,398.0,286,0 days 00:05:58.520979,0 days 00:02:43.128938,0 days 00:00:27,0 days 00:03:59,0 days 00:05:42.500000,0 days 00:07:42.500000,0 days 00:14:35
M24,AW1,191.0,199.3193717277487,112.55159093838294,1.0,106.5,196.0,294.5,400.0,191,0 days 00:05:23.078534,0 days 00:02:37.419383,0 days 00:00:44,0 days 00:03:18.500000,0 days 00:05:05,0 days 00:07:23,0 days 00:11:52
M24,AW2,168.0,200.45238095238096,116.57537509323939,1.0,101.5,204.5,300.5,400.0,168,0 days 00:05:03.964285,0 days 00:02:27.175356,0 days 00:00:27,0 days 00:03:11,0 days 00:04:51,0 days 00:06:28,0 days 00:12:38
M24,B,400.0,200.5,115.61430130683084,1.0,100.75,200.5,300.25,400.0,400,0 days 00:13:43.355000,0 days 00:04:10.775207,0 days 00:03:37,0 days 00:10:50.750000,0 days 00:13:21.500000,0 days 00:16:21.250000,0 days 00:28:26
M24,BE1,185.0,191.29189189189188,117.32040478771573,1.0,88.0,186.0,287.0,399.0,185,0 days 00:05:07.275675,0 days 00:02:34.327097,0 days 00:00:47,0 days 00:03:06,0 days 00:04:42,0 days 00:07:14,0 days 00:11:50
M24,BE2,175.0,205.6457142857143,119.60961486084337,7.0,98.5,204.0,323.5,398.0,175,0 days 00:05:18.102857,0 days 00:02:38.529959,0 days 00:00:35,0 days 00:03:10.500000,0 days 00:05:03,0 days 00:07:17.500000,0 days 00:11:43
M24,BW1,302.0,198.51324503311258,114.33571607404956,1.0,100.25,199.5,296.75,400.0,302,0 days 00:06:09.165562,0 days 00:02:39.426523,0 days 00:00:17,0 days 00:04:06.500000,0 days 00:06:02,0 days 00:07:48,0 days 00:13:22
M24,BW2,182.0,209.06043956043956,114.48593571285868,1.0,113.75,223.5,303.0,399.0,182,0 days 00:05:15.456043,0 days 00:02:41.286354,0 days 00:00:15,0 days 00:03:17.750000,0 days 00:04:57.500000,0 days 00:06:54,0 days 00:12:21
M24,F,400.0,200.5,115.61430130683084,1.0,100.75,200.5,300.25,400.0,400,0 days 00:36:22.855000,0 days 00:07:33.708013,0 days 00:19:01,0 days 00:30:28.750000,0 days 00:36:09,0 days 00:42:00.750000,0 days 00:55:34
M24,I,331.0,197.15407854984895,115.87170467994434,1.0,96.5,193.0,297.5,399.0,331,0 days 00:06:00.888217,0 days 00:02:31.276135,0 days 00:00:12,0 days 00:04:08.500000,0 days 00:05:49,0 days 00:07:36.500000,0 days 00:15:56
M24,O,306.0,201.48692810457516,116.07282123117929,2.0,99.5,205.0,302.75,400.0,306,0 days 00:06:08.447712,0 days 00:02:32.267405,0 days 00:00:24,0 days 00:04:21.250000,0 days 00:05:47,0 days 00:07:51.500000,0 days 00:14:33
M25,A,400.0,200.5,115.61430130683084,1.0,100.75,200.5,300.25,400.0,400,0 days 00:13:13.985000,0 days 00:03:52.742943,0 days 00:05:11,0 days 00:10:24.750000,0 days 00:12:50.500000,0 days 00:15:46.500000,0 days 00:23:15
M25,AE1,294.0,201.39115646258503,115.21791220786191,2.0,102.25,198.5,301.75,400.0,294,0 days 00:06:00.214285,0 days 00:02:41.737214,0 days 00:00:09,0 days 00:04:02.750000,0 days 00:05:50,0 days 00:07:48.750000,0 days 00:14:15
M25,AE2,305.0,194.01967213114753,115.95736912261987,1.0,95.0,188.0,293.0,400.0,305,0 days 00:06:05.367213,0 days 00:02:40.259748,0 days 00:00:20,0 days 00:04:05,0 days 00:06:05,0 days 00:07:44,0 days 00:14:06
M25,AW1,172.0,210.59302325581396,118.16856608049335,1.0,111.5,206.5,318.25,400.0,172,0 days 00:05:00.418604,0 days 00:02:34.937373,0 days 00:00:21,0 days 00:03:01,0 days 00:04:34.500000,0 days 00:06:47.250000,0 days 00:11:23
M25,AW2,166.0,213.47590361445782,109.0963822863362,1.0,116.75,229.5,300.5,400.0,166,0 days 00:04:52.662650,0 days 00:02:24.265309,0 days 00:00:24,0 days 00:02:59.750000,0 days 00:04:38.500000,0 days 00:06:39.250000,0 days 00:11:02
M25,B,400.0,200.5,115.61430130683084,1.0,100.75,200.5,300.25,400.0,400,0 days 00:13:25.087500,0 days 00:04:05.871800,0 days 00:04:15,0 days 00:10:12.500000,0 days 00:12:51,0 days 00:15:56,0 days 00:26:43
M25,BE1,174.0,191.21264367816093,116.03146703417795,1.0,88.5,183.5,288.75,397.0,174,0 days 00:04:58.425287,0 days 00:02:29.021636,0 days 00:00:23,0 days 00:03:04.500000,0 days 00:04:44,0 days 00:06:45,0 days 00:12:33
M25,BE2,168.0,203.67857142857142,115.05933493650477,1.0,103.75,215.0,293.25,397.0,168,0 days 00:05:22.702380,0 days 00:02:34.629615,0 days 00:00:44,0 days 00:03:15.500000,0 days 00:05:21.500000,0 days 00:07:02.250000,0 days 00:11:49
M25,BW1,311.0,202.56591639871382,114.88359324051045,2.0,105.5,202.0,303.5,400.0,311,0 days 00:06:06.411575,0 days 00:02:36.561925,0 days 00:00:25,0 days 00:04:18.500000,0 days 00:05:55,0 days 00:07:53,0 days 00:14:10
M25,BW2,175.0,199.83428571428573,114.71684767100726,1.0,106.0,204.0,294.5,394.0,175,0 days 00:05:03.971428,0 days 00:02:31.513188,0 days 00:00:30,0 days 00:02:50,0 days 00:04:51,0 days 00:06:46.500000,0 days 00:11:42
M25,F,400.0,200.5,115.61430130683084,1.0,100.75,200.5,300.25,400.0,400,0 days 00:35:56.022500,0 days 00:07:32.003839,0 days 00:21:12,0 days 00:30:05.750000,0 days 00:35:29,0 days 00:41:46.250000,0 days 00:54:08
M25,I,326.0,203.11656441717793,114.9744797175195,1.0,106.25,204.5,299.75,400.0,326,0 days 00:05:49.717791,0 days 00:02:42.039501,0 days 00:00:53,0 days 00:03:51.500000,0 days 00:05:32,0 days 00:07:17.250000,0 days 00:16:48
M25,O,312.0,197.01923076923077,115.38742073430303,2.0,97.75,192.0,300.25,399.0,312,0 days 00:05:48.628205,0 days 00:02:29.482503,0 days 00:00:15,0 days 00:04:03,0 days 00:05:46,0 days 00:07:16,0 days 00:13:09
M3,A,400.0,200.5,115.61430130683084,1.0,100.75,200.5,300.25,400.0,400,0 days 00:13:09.350000,0 days 00:04:20.913264,0 days 00:04:12,0 days 00:09:33,0 days 00:12:45.500000,0 days 00:16:03,0 days 00:26:39
M3,AE1,275.0,193.03636363636363,115.5697033702759,1.0,87.5,192.0,289.5,400.0,275,0 days 00:06:19.116363,0 days 00:02:38.098697,0 days 00:00:33,0 days 00:04:28.500000,0 days 00:06:02,0 days 00:08:17.500000,0 days 00:13:22
M3,AE2,294.0,195.47619047619048,114.8625136504216,2.0,97.5,200.0,294.75,400.0,294,0 days 00:06:07.193877,0 days 00:02:47.680338,0 days 00:00:33,0 days 00:04:03.250000,0 days 00:05:46,0 days 00:08:02,0 days 00:14:35
M3,AW1,155.0,210.65806451612903,113.76390674000719,4.0,118.0,206.0,315.5,399.0,155,0 days 00:05:06.045161,0 days 00:02:36.408279,0 days 00:00:26,0 days 00:03:01.500000,0 days 00:04:52,0 days 00:06:45.500000,0 days 00:12:06
M3,AW2,184.0,190.8804347826087,116.91693771859144,1.0,87.5,188.0,287.25,398.0,184,0 days 00:05:04.842391,0 days 00:02:24.936700,0 days 00:00:53,0 days 00:03:24.500000,0 days 00:04:50.500000,0 days 00:06:33.500000,0 days 00:11:14
M3,B,400.0,200.5,115.61430130683084,1.0,100.75,200.5,300.25,400.0,400,0 days 00:13:25.635000,0 days 00:04:03.434514,0 days 00:05:08,0 days 00:10:26,0 days 00:12:55.500000,0 days 00:16:08.500000,0 days 00:26:55
M3,BE1,167.0,211.69461077844312,112.22142014542513,2.0,111.5,209.0,307.5,400.0,167,0 days 00:05:26.514970,0 days 00:02:41.890743,0 days 00:00:37,0 days 00:03:06,0 days 00:05:31,0 days 00:07:37,0 days 00:11:44
M3,BE2,181.0,193.99447513812154,115.7142792128559,4.0,91.0,193.0,295.0,393.0,181,0 days 00:05:10.381215,0 days 00:02:50.241049,0 days 00:00:28,0 days 00:02:56,0 days 00:04:51,0 days 00:07:05,0 days 00:12:50
M3,BW1,293.0,193.89419795221843,113.92429774594132,1.0,96.0,194.0,291.0,400.0,293,0 days 00:05:52.713310,0 days 00:02:33.239537,0 days 00:00:43,0 days 00:03:45,0 days 00:05:40,0 days 00:07:40,0 days 00:14:05
M3,BW2,176.0,215.97727272727272,111.53500178588163,1.0,134.25,219.5,312.25,399.0,176,0 days 00:05:07.727272,0 days 00:02:39.267805,0 days 00:00:10,0 days 00:02:52,0 days 00:05:07,0 days 00:06:49.250000,0 days 00:11:49
M3,F,400.0,200.5,115.61430130683084,1.0,100.75,200.5,300.25,400.0,400,0 days 00:36:08.110000,0 days 00:08:00.323411,0 days 00:22:13,0 days 00:29:32.500000,0 days 00:35:31,0 days 00:42:18.500000,0 days 00:56:53
M3,I,341.0,204.76539589442814,116.70703935208064,1.0,106.0,204.0,307.0,400.0,341,0 days 00:05:50.302052,0 days 00:02:35.753442,0 days 00:00:20,0 days 00:03:51,0 days 00:05:38,0 days 00:07:23,0 days 00:15:29
M3,O,302.0,197.01986754966887,116.95121907802509,2.0,93.25,190.5,299.5,400.0,302,0 days 00:06:03.566225,0 days 00:02:42.249471,0 days 00:00:17,0 days 00:03:56.750000,0 days 00:05:48,0 days 00:07:49.750000,0 days 00:16:17
M4,A,400.0,200.5,115.61430130683084,1.0,100.75,200.5,300.25,400.0,400,0 days 00:13:09.010000,0 days 00:03:55.746295,0 days 00:05:01,0 days 00:10:16,0 days 00:12:39,0 days 00:15:54,0 days 00:26:11
M4,AE1,283.0,197.65017667844523,112.91803918180526,1.0,96.5,202.0,292.5,400.0,283,0 days 00:05:48.636042,0 days 00:02:30.742694,0 days 00:00:17,0 days 00:03:59,0 days 00:05:29,0 days 00:07:35.500000,0 days 00:15:20
M4,AE2,301.0,205.9435215946844,115.7260564129374,2.0,104.0,206.0,308.0,400.0,301,0 days 00:06:20.478405,0 days 00:02:39.968821,0 days 00:00:34,0 days 00:04:27,0 days 00:06:17,0 days 00:08:09,0 days 00:14:55
M4,AW1,177.0,215.25988700564972,113.49109008874932,5.0,129.0,223.0,309.0,397.0,177,0 days 00:05:01.508474,0 days 00:02:50.900559,0 days 00:00:24,0 days 00:02:44,0 days 00:04:15,0 days 00:07:10,0 days 00:11:56
M4,AW2,159.0,189.74213836477986,115.42015782944128,1.0,90.5,183.0,290.5,398.0,159,0 days 00:05:08.484276,0 days 00:02:38.200955,0 days 00:00:22,0 days 00:02:57.500000,0 days 00:04:51,0 days 00:07:13.500000,0 days 00:11:21
M4,B,400.0,200.5,115.61430130683084,1.0,100.75,200.5,300.25,400.0,400,0 days 00:13:34.665000,0 days 00:04:09.089384,0 days 00:05:01,0 days 00:10:31.750000,0 days 00:13:05.500000,0 days 00:16:21.500000,0 days 00:25:30
M4,BE1,181.0,199.24309392265192,109.14356762915031,6.0,113.0,203.0,289.0,399.0,181,0 days 00:05:32.723756,0 days 00:02:40.543732,0 days 00:00:19,0 days 00:03:30,0 days 00:05:18,0 days 00:07:24,0 days 00:11:26
M4,BE2,194.0,204.2680412371134,112.75573263819223,2.0,117.0,206.0,294.5,399.0,194,0 days 00:05:08.525773,0 days 00:02:33.922771,0 days 00:00:28,0 days 00:03:05,0 days 00:05:04.500000,0 days 00:06:56.750000,0 days 00:12:43
M4,BW1,284.0,198.03169014084506,118.45735041993564,1.0,91.75,197.5,300.75,400.0,284,0 days 00:05:48.471830,0 days 00:02:36.886071,0 days 00:00:20,0 days 00:03:43,0 days 00:05:34.500000,0 days 00:07:27.250000,0 days 00:13:22
M4,BW2,178.0,203.43820224719101,115.59494398422417,1.0,108.25,213.5,298.75,397.0,178,0 days 00:05:12.404494,0 days 00:02:39.096333,0 days 00:00:34,0 days 00:02:49.750000,0 days 00:05:05.500000,0 days 00:06:56,0 days 00:11:28
M4,F,400.0,200.5,115.61430130683084,1.0,100.75,200.5,300.25,400.0,400,0 days 00:35:55.427500,0 days 00:07:48.999713,0 days 00:20:37,0 days 00:28:53.750000,0 days 00:36:04,0 days 00:41:58,0 days 00:55:58
M4,I,331.0,196.72205438066464,116.64590848664955,1.0,96.5,193.0,298.5,399.0,331,0 days 00:05:53.595166,0 days 00:02:42.961101,0 days 00:00:31,0 days 00:03:56.500000,0 days 00:05:40,0 days 00:07:35.500000,0 days 00:13:23
M4,O,292.0,204.95890410958904,118.60801342354331,2.0,103.75,201.0,310.25,400.0,292,0 days 00:05:55.003424,0 days 00:02:35.198542,0 days 00:00:23,0 days 00:04:00.750000,0 days 00:05:53,0 days 00:07:43.500000,0 days 00:13:36
M5,A,400.0,200.5,115.61430130683084,1.0,100.75,200.5,300.25,400.0,400,0 days 00:13:05.222500,0 days 00:03:43.875206,0 days 00:05:59,0 days 00:10:24.750000,0 days 00:12:42,0 days 00:15:13.500000,0 days 00:25:34
M5,AE1,286.0,201.5174825174825,117.07046030380724,1.0,100.25,203.5,301.75,400.0,286,0 days 00:05:42.608391,0 days 00:02:23.968468,0 days 00:00:44,0 days 00:03:49.750000,0 days 00:05:45,0 days 00:07:29.750000,0 days 00:12:24
M5,AE2,280.0,202.29642857142858,114.47242857894604,1.0,101.75,203.0,301.25,399.0,280,0 days 00:06:00.803571,0 days 00:02:48.689617,0 days 00:00:34,0 days 00:03:51.500000,0 days 00:05:33.500000,0 days 00:07:51,0 days 00:15:34
M5,AW1,184.0,196.30434782608697,119.01501389701082,2.0,85.0,199.5,299.25,395.0,184,0 days 00:05:21.347826,0 days 00:02:38.909737,0 days 00:00:30,0 days 00:03:14.750000,0 days 00:05:23.500000,0 days 00:07:31.500000,0 days 00:12:14
M5,AW2,190.0,202.2842105263158,112.34834934802238,1.0,105.25,206.0,295.5,400.0,190,0 days 00:04:54.473684,0 days 00:02:24.106210,0 days 00:01:00,0 days 00:03:03.250000,0 days 00:04:36,0 days 00:06:28,0 days 00:12:03
M5,B,400.0,200.5,115.61430130683084,1.0,100.75,200.5,300.25,400.0,400,0 days 00:13:21.915000,0 days 00:04:08.126660,0 days 00:05:01,0 days 00:10:11.750000,0 days 00:13:09,0 days 00:16:16.500000,0 days 00:26:58
M5,BE1,178.0,196.64044943820224,121.23491201515465,1.0,89.5,178.5,312.75,397.0,178,0 days 00:05:11.713483,0 days 00:02:36.938081,0 days 00:01:04,0 days 00:03:12.250000,0 days 00:04:48.500000,0 days 00:06:44.500000,0 days 00:12:57
M5,BE2,174.0,206.6206896551724,117.29156806610618,12.0,107.75,193.5,318.75,399.0,174,0 days 00:05:16.247126,0 days 00:02:34.523552,0 days 00:00:36,0 days 00:03:15.250000,0 days 00:05:07.500000,0 days 00:07:19.750000,0 days 00:11:20
M5,BW1,304.0,200.5921052631579,113.97593140995937,1.0,100.75,207.0,295.25,400.0,304,0 days 00:05:57.463815,0 days 00:02:28.242059,0 days 00:00:07,0 days 00:04:13.500000,0 days 00:05:46.500000,0 days 00:07:25.500000,0 days 00:13:40
M5,BW2,164.0,197.1829268292683,108.04204226551158,6.0,106.75,192.5,282.25,400.0,164,0 days 00:04:50.231707,0 days 00:02:37.794251,0 days 00:00:21,0 days 00:02:31,0 days 00:04:43,0 days 00:06:41.500000,0 days 00:11:32
M5,F,400.0,200.5,115.61430130683084,1.0,100.75,200.5,300.25,400.0,400,0 days 00:36:27.950000,0 days 00:07:44.050514,0 days 00:19:33,0 days 00:30:21,0 days 00:36:19.500000,0 days 00:42:30.250000,0 days 00:54:01
M5,I,340.0,200.9558823529412,114.99134683662831,1.0,100.5,204.0,298.5,400.0,340,0 days 00:06:03.441176,0 days 00:02:42.243978,0 days 00:00:20,0 days 00:04:04,0 days 00:05:56,0 days 00:08:04.500000,0 days 00:14:35
M5,O,313.0,200.2108626198083,118.35946014029557,1.0,97.0,198.0,302.0,399.0,313,0 days 00:06:13.019169,0 days 00:02:32.181149,0 days 00:00:50,0 days 00:04:20,0 days 00:05:59,0 days 00:07:51,0 days 00:12:28
M6,A,400.0,200.5,115.61430130683084,1.0,100.75,200.5,300.25,400.0,400,0 days 00:13:07.302500,0 days 00:04:10.326305,0 days 00:04:11,0 days 00:10:08.750000,0 days 00:12:42.500000,0 days 00:15:31,0 days 00:27:07
M6,AE1,278.0,198.61510791366908,114.19471332207254,1.0,101.25,202.5,290.75,398.0,278,0 days 00:05:48.435251,0 days 00:02:32.884991,0 days 00:00:43,0 days 00:03:57,0 days 00:05:37.500000,0 days 00:07:25.750000,0 days 00:13:16
M6,AE2,302.0,193.5430463576159,115.88522418343227,1.0,90.5,194.5,290.75,400.0,302,0 days 00:05:55.158940,0 days 00:02:33.775976,0 days 00:00:37,0 days 00:04:10,0 days 00:05:35.500000,0 days 00:07:38,0 days 00:15:52
M6,AW1,179.0,199.7877094972067,114.98104223224803,2.0,98.5,189.0,307.5,395.0,179,0 days 00:05:02.765363,0 days 00:02:41.609880,0 days 00:00:34,0 days 00:02:56,0 days 00:04:44,0 days 00:06:50.500000,0 days 00:13:50
M6,AW2,177.0,207.76271186440678,114.76804754834227,2.0,109.0,204.0,303.0,399.0,177,0 days 00:05:19.790960,0 days 00:02:37.287180,0 days 00:00:21,0 days 00:03:22,0 days 00:04:54,0 days 00:07:00,0 days 00:12:25
M6,B,400.0,200.5,115.61430130683084,1.0,100.75,200.5,300.25,400.0,400,0 days 00:13:35.442500,0 days 00:04:04.029285,0 days 00:04:27,0 days 00:10:38.750000,0 days 00:13:17,0 days 00:16:18.500000,0 days 00:26:18
M6,BE1,185.0,197.2,109.86769711596403,5.0,110.0,193.0,292.0,396.0,185,0 days 00:05:10.075675,0 days 00:02:35.647018,0 days 00:00:29,0 days 00:03:12,0 days 00:05:15,0 days 00:06:56,0 days 00:11:43
M6,BE2,180.0,199.84444444444443,116.40992980271427,2.0,97.75,197.5,298.5,399.0,180,0 days 00:05:24.516666,0 days 00:02:31.324043,0 days 00:00:09,0 days 00:03:33.750000,0 days 00:05:17.500000,0 days 00:06:57.500000,0 days 00:11:52
M6,BW1,295.0,200.54237288135593,116.31442286810095,1.0,100.5,202.0,302.0,400.0,295,0 days 00:05:47.664406,0 days 00:02:24.343832,0 days 00:00:47,0 days 00:03:57,0 days 00:05:38,0 days 00:07:20,0 days 00:13:11
M6,BW2,168.0,201.0952380952381,114.83673587024404,3.0,104.75,202.0,300.25,400.0,168,0 days 00:05:09.208333,0 days 00:02:34.525925,0 days 00:00:22,0 days 00:03:14.250000,0 days 00:04:53,0 days 00:06:44.750000,0 days 00:11:33
M6,F,400.0,200.5,115.61430130683084,1.0,100.75,200.5,300.25,400.0,400,0 days 00:36:12.555000,0 days 00:07:38.804567,0 days 00:22:15,0 days 00:29:51.500000,0 days 00:35:56.500000,0 days 00:42:27.250000,0 days 00:54:48
M6,I,340.0,195.97058823529412,114.07084826734535,1.0,98.75,193.5,292.5,400.0,340,0 days 00:05:58.320588,0 days 00:02:34.724458,0 days 00:00:58,0 days 00:04:03,0 days 00:05:53,0 days 00:07:41,0 days 00:13:21
M6,O,288.0,197.80902777777777,117.53105448514225,2.0,93.75,193.5,301.25,400.0,288,0 days 00:06:08.385416,0 days 00:02:31.828692,0 days 00:00:27,0 days 00:04:21,0 days 00:05:53,0 days 00:07:55,0 days 00:13:45
M7,A,400.0,200.5,115.61430130683084,1.0,100.75,200.5,300.25,400.0,400,0 days 00:13:25.125000,0 days 00:04:14.646621,0 days 00:04:45,0 days 00:10:11.750000,0 days 00:12:59.500000,0 days 00:16:21.250000,0 days 00:25:36
M7,AE1,282.0,199.5921985815603,115.95962149785088,1.0,99.25,200.5,297.75,400.0,282,0 days 00:05:59.322695,0 days 00:02:40.014363,0 days 00:00:12,0 days 00:04:08.250000,0 days 00:05:48.500000,0 days 00:07:38.500000,0 days 00:13:57
M7,AE2,298.0,203.71140939597316,115.27757718675093,1.0,104.25,200.5,306.75,400.0,298,0 days 00:06:02.204697,0 days 00:02:25.248776,0 days 00:00:26,0 days 00:04:23.500000,0 days 00:05:51,0 days 00:07:27.750000,0 days 00:15:08
M7,AW1,181.0,201.29834254143645,115.9303404229061,6.0,101.0,200.0,302.0,395.0,181,0 days 00:05:04.309392,0 days 00:02:34.745107,0 days 00:00:20,0 days 00:03:02,0 days 00:04:54,0 days 00:06:51,0 days 00:10:59
M7,AW2,179.0,197.24022346368716,114.46000897205262,2.0,98.0,200.0,286.0,400.0,179,0 days 00:05:22.368715,0 days 00:02:53.851571,0 days 00:00:19,0 days 00:03:03,0 days 00:05:11,0 days 00:07:45.500000,0 days 00:11:29
M7,B,400.0,200.5,115.61430130683084,1.0,100.75,200.5,300.25,400.0,400,0 days 00:13:20.167500,0 days 00:04:03.852053,0 days 00:04:37,0 days 00:10:30,0 days 00:12:51.500000,0 days 00:16:07,0 days 00:25:45
M7,BE1,178.0,207.45505617977528,113.41788488906273,1.0,116.25,212.5,301.25,399.0,178,0 days 00:05:18.101123,0 days 00:02:22.171500,0 days 00:00:37,0 days 00:03:34,0 days 00:05:17.500000,0 days 00:06:57,0 days 00:11:15
M7,BE2,175.0,198.11428571428573,118.41641201212757,3.0,95.5,192.0,303.0,398.0,175,0 days 00:05:04.137142,0 days 00:02:36.399111,0 days 00:00:24,0 days 00:02:55.500000,0 days 00:05:05,0 days 00:06:48.500000,0 days 00:11:33
M7,BW1,286.0,199.5174825174825,115.90167358111442,1.0,100.75,201.5,297.25,400.0,286,0 days 00:06:12.510489,0 days 00:02:37.658719,0 days 00:00:27,0 days 00:04:18.500000,0 days 00:05:56,0 days 00:07:51.750000,0 days 00:14:39
M7,BW2,176.0,208.98863636363637,117.8360599009786,1.0,109.75,215.0,313.25,399.0,176,0 days 00:05:06.636363,0 days 00:02:28.120775,0 days 00:00:40,0 days 00:03:01.750000,0 days 00:04:57.500000,0 days 00:06:39.500000,0 days 00:11:31
M7,F,400.0,200.5,115.61430130683084,1.0,100.75,200.5,300.25,400.0,400,0 days 00:36:24.460000,0 days 00:08:06.050987,0 days 00:21:24,0 days 00:29:17.250000,0 days 00:36:07.500000,0 days 00:43:35.250000,0 days 00:54:34
M7,I,341.0,199.52199413489737,115.33137786707319,2.0,102.0,198.0,297.0,399.0,341,0 days 00:05:48.167155,0 days 00:02:39.090627,0 days 00:00:10,0 days 00:03:50,0 days 00:05:29,0 days 00:07:42,0 days 00:14:15
M7,O,309.0,202.29773462783172,115.66951646957799,2.0,100.0,203.0,301.0,400.0,309,0 days 00:06:05.508090,0 days 00:02:31.882529,0 days 00:00:32,0 days 00:04:15,0 days 00:06:00,0 days 00:07:43,0 days 00:14:27
M8,A,400.0,200.5,115.61430130683084,1.0,100.75,200.5,300.25,400.0,400,0 days 00:13:28.535000,0 days 00:04:03.093500,0 days 00:04:11,0 days 00:10:31.750000,0 days 00:13:06.500000,0 days 00:16:22.750000,0 days 00:24:52
M8,AE1,296.0,197.93243243243242,117.79722089105682,1.0,92.75,190.5,303.25,400.0,296,0 days 00:05:56.635135,0 days 00:02:37.777558,0 days 00:00:26,0 days 00:03:58,0 days 00:05:37.500000,0 days 00:07:38.250000,0 days 00:15:28
M8,AE2,304.0,200.9046052631579,115.95524107394601,1.0,98.75,204.5,300.5,399.0,304,0 days 00:05:59.894736,0 days 00:02:41.260429,0 days 00:00:22,0 days 00:04:01,0 days 00:05:49.500000,0 days 00:07:41.250000,0 days 00:16:53
M8,AW1,173.0,204.71676300578034,110.88615367949707,3.0,113.0,202.0,305.0,400.0,173,0 days 00:05:21.947976,0 days 00:02:30.238309,0 days 00:00:40,0 days 00:03:11,0 days 00:05:15,0 days 00:07:13,0 days 00:12:38
M8,AW2,177.0,210.3502824858757,113.68128000341659,1.0,121.0,209.0,307.0,400.0,177,0 days 00:04:57.994350,0 days 00:02:31.447429,0 days 00:00:10,0 days 00:03:04,0 days 00:04:52,0 days 00:06:44,0 days 00:10:16
M8,B,400.0,200.5,115.61430130683084,1.0,100.75,200.5,300.25,400.0,400,0 days 00:13:27.912500,0 days 00:04:03.463613,0 days 00:05:33,0 days 00:10:22.750000,0 days 00:13:03,0 days 00:16:19.250000,0 days 00:25:46
M8,BE1,164.0,198.35365853658536,116.63491063644292,1.0,99.75,191.5,304.25,400.0,164,0 days 00:05:01.310975,0 days 00:02:37.726896,0 days 00:00:35,0 days 00:02:45.750000,0 days 00:04:27,0 days 00:06:58.750000,0 days 00:10:51
M8,BE2,177.0,198.36723163841808,117.58196198299254,2.0,97.0,192.0,298.0,400.0,177,0 days 00:04:43.451977,0 days 00:02:21.670910,0 days 00:00:37,0 days 00:02:56,0 days 00:04:24,0 days 00:06:13,0 days 00:12:03
M8,BW1,307.0,198.72638436482086,114.86580713160714,1.0,103.5,197.0,299.5,399.0,307,0 days 00:06:08.657980,0 days 00:02:52.434804,0 days 00:00:20,0 days 00:04:02,0 days 00:05:46,0 days 00:08:18,0 days 00:14:31
M8,BW2,194.0,200.20103092783506,115.42256583352706,1.0,104.0,200.0,301.5,399.0,194,0 days 00:05:03.783505,0 days 00:02:38.894055,0 days 00:00:27,0 days 00:02:55.250000,0 days 00:04:50,0 days 00:06:50.750000,0 days 00:12:14
M8,F,400.0,200.5,115.61430130683084,1.0,100.75,200.5,300.25,400.0,400,0 days 00:36:02.917500,0 days 00:07:44.762143,0 days 00:21:18,0 days 00:29:54.750000,0 days 00:35:44,0 days 00:42:17.500000,0 days 00:56:15
M8,I,332.0,201.09036144578315,113.26595296103362,1.0,103.75,201.0,299.25,399.0,332,0 days 00:05:37.756024,0 days 00:02:38.873633,0 days 00:00:07,0 days 00:03:43.500000,0 days 00:05:30,0 days 00:07:07.250000,0 days 00:14:22
M8,O,296.0,204.92905405405406,115.18553213844785,1.0,104.75,204.0,304.25,400.0,296,0 days 00:05:59.638513,0 days 00:02:33.820391,0 days 00:00:20,0 days 00:04:15.750000,0 days 00:05:40,0 days 00:07:39,0 days 00:13:13
M9,A,400.0,200.5,115.61430130683084,1.0,100.75,200.5,300.25,400.0,400,0 days 00:13:35.257500,0 days 00:04:07.604616,0 days 00:04:11,0 days 00:10:39.250000,0 days 00:13:13.500000,0 days 00:16:37.250000,0 days 00:26:40
M9,AE1,292.0,204.09246575342465,117.8363724182374,1.0,101.75,202.5,308.25,400.0,292,0 days 00:06:02.119863,0 days 00:02:34.257280,0 days 00:00:56,0 days 00:04:01.750000,0 days 00:05:58,0 days 00:07:40.250000,0 days 00:13:32
M9,AE2,291.0,198.6254295532646,115.23714935942863,1.0,95.5,200.0,298.0,400.0,291,0 days 00:05:57.082474,0 days 00:02:54.656155,0 days 00:00:13,0 days 00:04:00,0 days 00:05:31,0 days 00:07:46,0 days 00:16:38
M9,AW1,173.0,193.90751445086704,110.55269500757224,2.0,102.0,190.0,282.0,399.0,173,0 days 00:05:13.231213,0 days 00:02:28.239528,0 days 00:00:11,0 days 00:03:25,0 days 00:04:57,0 days 00:06:41,0 days 00:11:52
M9,AW2,192.0,195.64583333333334,116.48148666837439,1.0,99.5,186.0,292.5,399.0,192,0 days 00:05:24.291666,0 days 00:02:33.340323,0 days 00:00:37,0 days 00:03:22.250000,0 days 00:05:09.500000,0 days 00:07:01.250000,0 days 00:12:58
M9,B,400.0,200.5,115.61430130683084,1.0,100.75,200.5,300.25,400.0,400,0 days 00:13:05.297500,0 days 00:04:02.627593,0 days 00:04:18,0 days 00:10:08,0 days 00:12:43.500000,0 days 00:15:46.500000,0 days 00:27:25
M9,BE1,173.0,200.20231213872833,116.19735414759667,2.0,107.0,201.0,304.0,400.0,173,0 days 00:04:57.583815,0 days 00:02:37.032029,0 days 00:00:28,0 days 00:02:58,0 days 00:04:38,0 days 00:06:57,0 days 00:11:09
M9,BE2,185.0,196.25405405405405,118.7101205224457,2.0,89.0,193.0,301.0,400.0,185,0 days 00:05:06.394594,0 days 00:02:30.466632,0 days 00:00:19,0 days 00:02:56,0 days 00:05:02,0 days 00:06:56,0 days 00:10:41
M9,BW1,304.0,201.41447368421052,116.28452894090944,1.0,101.5,202.5,301.25,400.0,304,0 days 00:05:47.187500,0 days 00:02:39.224526,0 days 00:00:30,0 days 00:03:41,0 days 00:05:31,0 days 00:07:33.750000,0 days 00:13:30
M9,BW2,167.0,199.5688622754491,115.5614622385935,1.0,104.0,196.0,297.0,400.0,167,0 days 00:05:09.628742,0 days 00:02:34.454831,0 days 00:00:51,0 days 00:03:04.500000,0 days 00:04:56,0 days 00:07:01,0 days 00:11:38
M9,F,400.0,200.5,115.61430130683084,1.0,100.75,200.5,300.25,400.0,400,0 days 00:36:14.202500,0 days 00:07:43.072777,0 days 00:19:57,0 days 00:30:12.750000,0 days 00:36:20.500000,0 days 00:41:49.250000,0 days 00:55:58
M9,I,329.0,197.96352583586625,115.90575916253157,1.0,96.0,197.0,297.0,400.0,329,0 days 00:05:47.483282,0 days 00:02:26.231984,0 days 00:00:54,0 days 00:04:04,0 days 00:05:24,0 days 00:07:17,0 days 00:14:04
M9,O,311.0,201.7556270096463,116.04114158700467,1.0,101.5,205.0,300.5,399.0,311,0 days 00:06:10.215434,0 days 00:02:33.196759,0 days 00:00:49,0 days 00:04:25.500000,0 days 00:05:56,0 days 00:07:46.500000,0 days 00:13:21
